"Location","Date","Hum","Raf","Tmx","Tav","Tmi","Mosq"
"Yang_WaterPump","2012.5.1","46.1","nan","28.3","22.6","17.3","86.26923077"
"Yang_WaterPump","2012.5.2","47.3","0.4","29.1","23.1","19.0","86.26923077"
"Yang_WaterPump","2012.5.3","53.8","0.2","25.4","20.0","17.0","86.26923077"
"Yang_WaterPump","2012.5.4","48.8","nan","25.7","19.7","14.3","86.26923077"
"Yang_WaterPump","2012.5.5","42.4","nan","24.9","18.8","13.5","86.26923077"
"Yang_WaterPump","2012.5.6","31.9","nan","24.1","18.1","13.1","140.0"
"Yang_WaterPump","2012.5.7","33.3","nan","24.9","18.5","12.2","96.0"
"Yang_WaterPump","2012.5.8","27.5","nan","28.0","20.8","14.2","107.0"
"Yang_WaterPump","2012.5.9","45.4","nan","27.4","20.7","15.0","70.0"
"Yang_WaterPump","2012.5.10","45.1","nan","26.6","20.1","15.5","88.0"
"Yang_WaterPump","2012.5.11","55.4","nan","19.2","16.2","13.2","65.0"
"Yang_WaterPump","2012.5.12","57.9","nan","21.1","17.1","14.4","41.0"
"Yang_WaterPump","2012.5.13","53.0","nan","25.2","19.1","14.8","74.0"
"Yang_WaterPump","2012.5.14","78.8","6.5","17.2","16.1","15.1","68.0"
"Yang_WaterPump","2012.5.15","65.3","0.0","22.7","16.9","13.0","65.0"
"Yang_WaterPump","2012.5.16","58.6","0.0","22.0","16.6","12.7","70.0"
"Yang_WaterPump","2012.5.17","56.6","0.5","20.5","16.6","13.9","65.0"
"Yang_WaterPump","2012.5.18","51.4","nan","24.5","18.1","12.0","72.0"
"Yang_WaterPump","2012.5.19","38.0","nan","25.8","19.5","13.1","130.0"
"Yang_WaterPump","2012.5.20","39.1","nan","28.7","21.3","14.5","99.0"
"Yang_WaterPump","2012.5.21","34.8","nan","28.9","23.0","17.2","72.0"
"Yang_WaterPump","2012.5.22","34.6","nan","29.3","23.3","17.8","78.0"
"Yang_WaterPump","2012.5.23","39.5","nan","27.8","22.1","18.3","100.0"
"Yang_WaterPump","2012.5.24","53.0","nan","24.0","19.7","17.0","105.0"
"Yang_WaterPump","2012.5.25","45.4","nan","26.6","20.5","16.2","102.0"
"Yang_WaterPump","2012.5.26","44.8","nan","26.1","19.8","14.1","91.0"
"Yang_WaterPump","2012.5.27","65.6","0.3","23.4","19.3","17.1","88.0"
"Yang_WaterPump","2012.5.28","58.0","0.1","26.0","20.9","16.4","116.0"
"Yang_WaterPump","2012.5.29","40.8","nan","25.4","21.6","18.8","93.0"
"Yang_WaterPump","2012.5.30","44.4","0.0","23.6","20.7","18.6","93.0"
"Yang_WaterPump","2012.5.31","58.6","0.2","27.2","20.9","16.6","55.0"
"Yang_WaterPump","2012.6.1","52.3","nan","26.7","21.4","16.3","88.0"
"Yang_WaterPump","2012.6.2","44.8","nan","28.8","23.1","19.2","220.0"
"Yang_WaterPump","2012.6.3","38.9","nan","29.1","23.3","18.0","77.0"
"Yang_WaterPump","2012.6.4","35.1","nan","29.1","23.7","18.6","109.0"
"Yang_WaterPump","2012.6.5","62.6","0.0","27.5","22.5","19.8","84.0"
"Yang_WaterPump","2012.6.6","62.0","nan","28.9","23.0","19.1","106.0"
"Yang_WaterPump","2012.6.7","62.8","nan","29.4","23.0","18.5","94.0"
"Yang_WaterPump","2012.6.8","66.4","2.0","27.9","22.2","19.0","2.0"
"Yang_WaterPump","2012.6.9","59.5","nan","29.9","24.2","18.6","231.0"
"Yang_WaterPump","2012.6.10","58.8","nan","28.7","23.7","20.8","107.0"
"Yang_WaterPump","2012.6.11","59.4","nan","27.8","23.2","20.3","221.0"
"Yang_WaterPump","2012.6.12","58.9","0.4","28.9","22.6","19.0","163.0"
"Yang_WaterPump","2012.6.13","53.1","nan","28.9","23.4","18.3","131.0"
"Yang_WaterPump","2012.6.14","49.1","nan","31.7","24.8","19.3","205.0"
"Yang_WaterPump","2012.6.15","52.8","nan","28.0","23.7","20.4","430.0"
"Yang_WaterPump","2012.6.16","61.3","nan","29.9","23.5","20.2","547.0"
"Yang_WaterPump","2012.6.17","52.5","nan","29.8","23.6","18.1","300.0"
"Yang_WaterPump","2012.6.18","46.5","nan","30.2","24.9","20.1","214.0"
"Yang_WaterPump","2012.6.19","44.8","nan","33.5","26.0","20.9","596.0"
"Yang_WaterPump","2012.6.20","49.1","nan","31.3","25.4","21.3","483.0"
"Yang_WaterPump","2012.6.21","55.3","nan","32.4","25.7","21.3","605.0"
"Yang_WaterPump","2012.6.22","61.4","0.0","29.3","24.3","21.3","364.0"
"Yang_WaterPump","2012.6.23","55.8","nan","31.7","26.2","21.5","288.0"
"Yang_WaterPump","2012.6.24","48.3","nan","32.8","27.8","23.6","295.0"
"Yang_WaterPump","2012.6.25","40.5","nan","33.2","26.5","22.2","349.0"
"Yang_WaterPump","2012.6.26","44.9","nan","30.8","24.6","20.6","307.0"
"Yang_WaterPump","2012.6.27","47.1","nan","31.0","24.8","19.3","82.0"
"Yang_WaterPump","2012.6.28","50.4","nan","29.6","25.3","20.9","93.0"
"Yang_WaterPump","2012.6.29","60.4","20.0","31.0","25.9","22.0","361.0"
"Yang_WaterPump","2012.6.30","87.8","69.5","23.7","21.9","20.2","406.0"
"Yang_WaterPump","2012.7.1","80.1","0.0","25.4","21.6","19.2","193.0"
"Yang_WaterPump","2012.7.2","62.8","nan","29.8","24.0","21.7","92.0"
"Yang_WaterPump","2012.7.3","78.1","25.0","25.7","22.7","19.7","63.0"
"Yang_WaterPump","2012.7.4","79.8","0.3","27.4","24.4","22.6","78.0"
"Yang_WaterPump","2012.7.5","89.6","72.0","24.6","22.7","20.9","173.0"
"Yang_WaterPump","2012.7.6","88.8","102.5","21.8","20.9","19.9","297.0"
"Yang_WaterPump","2012.7.7","62.1","nan","31.0","24.8","18.5","404.0"
"Yang_WaterPump","2012.7.8","64.5","nan","30.7","25.8","21.4","164.0"
"Yang_WaterPump","2012.7.9","64.1","nan","32.3","26.3","21.9","154.0"
"Yang_WaterPump","2012.7.10","67.4","6.5","29.1","25.9","21.7","143.0"
"Yang_WaterPump","2012.7.11","83.5","8.0","26.5","23.3","21.0","195.0"
"Yang_WaterPump","2012.7.12","72.3","0.0","28.5","24.7","21.1","193.0"
"Yang_WaterPump","2012.7.13","76.1","76.5","29.3","26.1","21.8","135.0"
"Yang_WaterPump","2012.7.14","82.1","8.0","26.2","22.8","20.4","721.0"
"Yang_WaterPump","2012.7.15","89.5","32.5","20.5","19.7","19.1","817.0"
"Yang_WaterPump","2012.7.16","80.3","2.5","25.0","21.7","19.0","731.0"
"Yang_WaterPump","2012.7.17","70.5","0.0","29.0","25.5","21.6","860.0"
"Yang_WaterPump","2012.7.18","78.8","6.0","28.4","26.3","24.7","2035.0"
"Yang_WaterPump","2012.7.19","85.3","72.5","26.5","23.9","22.4","2516.0"
"Yang_WaterPump","2012.7.20","73.6","1.0","29.7","25.6","22.1","2075.0"
"Yang_WaterPump","2012.7.21","67.4","nan","31.4","27.5","24.1","646.0"
"Yang_WaterPump","2012.7.22","74.4","16.5","30.4","27.2","23.7","595.0"
"Yang_WaterPump","2012.7.23","73.9","1.0","30.5","27.6","25.6","551.0"
"Yang_WaterPump","2012.7.24","71.9","nan","32.1","27.8","25.5","299.0"
"Yang_WaterPump","2012.7.25","68.0","nan","32.1","27.9","24.2","253.0"
"Yang_WaterPump","2012.7.26","63.4","nan","32.6","28.1","24.3","256.0"
"Yang_WaterPump","2012.7.27","68.0","nan","32.3","27.9","24.9","135.0"
"Yang_WaterPump","2012.7.28","67.3","nan","33.2","28.5","25.2","87.0"
"Yang_WaterPump","2012.7.29","66.8","0.0","33.2","29.2","26.2","205.0"
"Yang_WaterPump","2012.7.30","72.3","18.0","31.6","28.4","23.0","54.0"
"Yang_WaterPump","2012.7.31","66.1","0.1","33.0","29.0","26.6","18.0"
"Yang_WaterPump","2012.8.1","56.8","nan","35.3","30.8","25.9","26.0"
"Yang_WaterPump","2012.8.2","53.6","nan","35.5","30.8","26.8","36.0"
"Yang_WaterPump","2012.8.3","51.9","nan","35.4","31.3","27.1","59.0"
"Yang_WaterPump","2012.8.4","50.1","nan","36.2","31.7","28.2","31.0"
"Yang_WaterPump","2012.8.5","51.0","nan","36.7","31.8","27.5","36.0"
"Yang_WaterPump","2012.8.6","54.1","nan","35.8","31.5","27.8","32.0"
"Yang_WaterPump","2012.8.7","48.0","nan","35.0","30.7","26.6","53.0"
"Yang_WaterPump","2012.8.8","51.6","nan","34.3","29.6","25.6","702.0"
"Yang_WaterPump","2012.8.9","63.5","nan","34.6","29.7","26.6","705.0"
"Yang_WaterPump","2012.8.10","69.4","0.3","29.0","27.4","25.7","314.0"
"Yang_WaterPump","2012.8.11","65.0","nan","31.8","27.7","24.0","407.0"
"Yang_WaterPump","2012.8.12","80.3","17.0","27.9","25.5","22.3","9.0"
"Yang_WaterPump","2012.8.13","65.0","2.0","32.1","26.6","22.1","144.0"
"Yang_WaterPump","2012.8.14","64.3","15.5","31.2","26.7","23.2","249.0"
"Yang_WaterPump","2012.8.15","88.0","136.5","27.1","23.7","22.4","107.0"
"Yang_WaterPump","2012.8.16","68.8","nan","28.9","26.0","22.7","85.0"
"Yang_WaterPump","2012.8.17","74.0","0.0","32.2","27.5","24.3","105.0"
"Yang_WaterPump","2012.8.18","80.3","2.0","28.6","27.2","25.8","85.0"
"Yang_WaterPump","2012.8.19","75.8","5.0","30.8","27.9","26.3","90.0"
"Yang_WaterPump","2012.8.20","87.4","59.5","27.1","25.4","24.0","90.0"
"Yang_WaterPump","2012.8.21","85.4","137.0","28.7","25.3","23.5","92.0"
"Yang_WaterPump","2012.8.22","80.5","17.0","24.6","22.0","20.3","77.0"
"Yang_WaterPump","2012.8.23","68.3","0.1","25.7","23.0","20.5","199.0"
"Yang_WaterPump","2012.8.24","70.0","7.5","26.1","23.3","21.1","208.0"
"Yang_WaterPump","2012.8.25","80.1","11.5","28.9","25.0","21.5","131.0"
"Yang_WaterPump","2012.8.26","72.3","0.0","32.4","27.5","24.1","78.0"
"Yang_WaterPump","2012.8.27","59.9","nan","32.9","28.5","24.5","24.0"
"Yang_WaterPump","2012.8.28","69.5","13.5","29.4","26.1","21.8","168.0"
"Yang_WaterPump","2012.8.29","70.3","6.0","29.1","25.7","21.7","181.0"
"Yang_WaterPump","2012.8.30","85.8","34.5","24.7","21.4","18.7","235.0"
"Yang_WaterPump","2012.8.31","65.6","nan","28.4","23.8","18.7","227.0"
"Yang_WaterPump","2012.9.1","69.0","nan","29.4","25.2","22.3","265.0"
"Yang_WaterPump","2012.9.2","65.1","nan","29.5","25.0","20.8","163.0"
"Yang_WaterPump","2012.9.3","71.4","nan","28.5","24.9","22.2","290.0"
"Yang_WaterPump","2012.9.4","84.1","55.5","24.4","22.0","19.7","216.0"
"Yang_WaterPump","2012.9.5","61.1","10.5","26.1","22.3","19.2","665.0"
"Yang_WaterPump","2012.9.6","52.9","nan","27.1","21.6","16.0","785.0"
"Yang_WaterPump","2012.9.7","60.6","3.0","27.2","22.5","16.9","298.0"
"Yang_WaterPump","2012.9.8","71.8","25.0","23.7","20.2","17.7","461.0"
"Yang_WaterPump","2012.9.9","68.4","nan","25.0","20.9","17.1","270.0"
"Yang_WaterPump","2012.9.10","61.4","nan","28.3","23.2","17.8","203.0"
"Yang_WaterPump","2012.9.11","53.1","nan","27.5","22.8","18.1","189.0"
"Yang_WaterPump","2012.9.12","68.9","0.5","24.8","21.6","19.6","453.0"
"Yang_WaterPump","2012.9.13","87.1","13.5","21.1","20.0","18.6","369.0"
"Yang_WaterPump","2012.9.14","68.5","2.0","21.8","19.4","17.3","303.0"
"Yang_WaterPump","2012.9.15","56.8","nan","25.5","21.0","17.0","572.0"
"Yang_WaterPump","2012.9.16","60.1","2.5","22.1","19.9","17.5","231.0"
"Yang_WaterPump","2012.9.17","86.8","85.5","18.4","17.3","16.0","213.0"
"Yang_WaterPump","2012.9.18","69.4","nan","24.6","20.9","17.7","233.0"
"Yang_WaterPump","2012.9.19","63.9","nan","25.2","20.6","17.7","320.0"
"Yang_WaterPump","2012.9.20","69.6","0.0","24.7","20.1","15.6","381.0"
"Yang_WaterPump","2012.9.21","68.3","nan","24.3","20.1","17.2","397.0"
"Yang_WaterPump","2012.9.22","60.6","nan","26.4","20.7","15.2","454.0"
"Yang_WaterPump","2012.9.23","56.6","nan","26.6","21.2","16.4","302.0"
"Yang_WaterPump","2012.9.24","49.8","nan","27.5","21.5","16.1","258.0"
"Yang_WaterPump","2012.9.25","52.3","nan","27.8","21.8","16.9","1115.0"
"Yang_WaterPump","2012.9.26","60.0","nan","25.4","21.3","17.5","2232.0"
"Yang_WaterPump","2012.9.27","62.0","nan","23.6","20.3","17.7","141.0"
"Yang_WaterPump","2012.9.28","72.3","13.5","22.0","18.0","15.4","200.0"
"Yang_WaterPump","2012.9.29","58.8","0.5","19.8","16.4","14.0","208.0"
"Yang_WaterPump","2012.9.30","63.8","nan","21.0","16.2","12.0","257.0"
"Yang_WaterPump","2012.10.1","64.3","nan","24.6","18.1","12.5","266.0"
"Yang_WaterPump","2012.10.2","64.3","nan","24.9","19.3","14.3","168.0"
"Yang_WaterPump","2012.10.3","60.4","nan","26.0","19.9","15.0","233.0"
"Yang_WaterPump","2012.10.4","61.6","nan","24.2","19.0","14.4","210.0"
"Yang_WaterPump","2012.10.5","61.4","nan","22.8","19.0","14.9","257.0"
"Yang_WaterPump","2012.10.6","52.9","nan","24.5","19.6","16.1","215.0"
"Yang_WaterPump","2012.10.7","54.9","nan","24.4","19.2","15.1","199.0"
"Yang_WaterPump","2012.10.8","53.0","nan","23.4","18.4","14.6","246.0"
"Yang_WaterPump","2012.10.9","60.0","nan","22.4","17.6","13.8","197.0"
"Yang_WaterPump","2012.10.10","69.6","13.0","20.3","15.7","12.6","337.0"
"Yang_WaterPump","2012.10.11","47.4","nan","19.0","13.9","9.9","312.0"
"Yang_WaterPump","2012.10.12","51.8","nan","21.4","14.9","8.5","296.0"
"Yang_WaterPump","2012.10.13","54.0","nan","23.1","16.4","11.3","240.06666669999998"
"Yang_WaterPump","2012.10.14","39.9","nan","21.8","16.3","12.0","240.06666669999998"
"Yang_WaterPump","2012.10.15","33.3","nan","21.8","14.8","10.3","240.06666669999998"
"Yang_WaterPump","2012.10.16","46.5","nan","23.4","17.1","10.8","240.06666669999998"
"Yang_WaterPump","2012.10.17","57.0","2.5","17.6","12.6","8.1","240.06666669999998"
"Yang_WaterPump","2012.10.18","46.5","nan","17.0","11.6","6.0","240.06666669999998"
"Yang_WaterPump","2012.10.19","52.3","nan","20.1","14.8","10.3","240.06666669999998"
"Yang_WaterPump","2012.10.20","65.0","nan","21.0","15.8","10.5","240.06666669999998"
"Yang_WaterPump","2012.10.21","70.5","nan","23.7","18.3","15.4","240.06666669999998"
"Yang_WaterPump","2012.10.22","77.3","39.5","17.1","13.4","8.5","240.06666669999998"
"Yang_WaterPump","2012.10.23","49.4","0.0","14.5","10.0","4.5","240.06666669999998"
"Yang_WaterPump","2012.10.24","62.8","nan","18.4","13.2","9.5","240.06666669999998"
"Yang_WaterPump","2012.10.25","68.5","nan","20.0","15.2","12.6","240.06666669999998"
"Yang_WaterPump","2012.10.26","62.1","nan","22.3","15.9","11.1","240.06666669999998"
"Yang_WaterPump","2012.10.27","84.5","44.0","16.4","14.3","12.5","240.06666669999998"
"Yang_WaterPump","2012.10.28","65.4","0.0","18.8","14.3","10.8","240.06666669999998"
"Yang_WaterPump","2012.10.29","60.6","0.0","16.7","11.7","8.0","331.25"
"Yang_WaterPump","2012.10.30","55.4","0.1","12.4","8.6","5.8","331.25"
"Yang_WaterPump","2012.10.31","50.9","0.2","11.6","6.9","2.8","331.25"
"Yang_WaterPump","2012.11.1","36.5","nan","10.0","5.6","2.7","331.25"
"Yang_WaterPump","2012.11.2","36.9","nan","12.4","7.2","1.6","331.25"
"Yang_WaterPump","2012.11.3","41.5","nan","15.7","9.4","3.2","331.25"
"Yang_WaterPump","2012.11.4","56.5","4.0","15.3","11.8","9.1","331.25"
"Yang_WaterPump","2012.11.5","87.6","8.0","10.7","8.5","7.2","331.25"
"Yang_WaterPump","2012.11.6","81.0","5.0","8.6","7.1","5.1","331.25"
"Yang_WaterPump","2012.11.7","68.4","nan","12.5","8.4","4.1","331.25"
"Yang_WaterPump","2012.11.8","74.6","nan","12.6","8.8","6.0","331.25"
"Yang_WaterPump","2012.11.9","63.6","nan","15.0","9.4","4.4","331.25"
"Yang_WaterPump","2012.11.10","49.3","nan","14.7","12.0","9.2","331.25"
"Yang_WaterPump","2012.11.11","72.0","28.0","12.0","8.7","3.6","331.25"
"Yang_WaterPump","2012.11.12","67.8","3.0","9.1","7.3","5.8","331.25"
"Yang_WaterPump","2012.11.13","54.8","0.0","9.1","5.3","1.7","331.25"
"Yang_WaterPump","2012.11.14","53.3","0.0","6.7","2.4","-0.6","331.25"
"Yang_WaterPump","2012.11.15","51.5","nan","9.8","4.2","-0.3","331.25"
"Yang_WaterPump","2012.11.16","74.0","9.5","8.2","4.9","1.0","0.0"
"Yang_WaterPump","2012.11.17","61.6","1.5","8.0","5.3","1.5","0.0"
"Yang_WaterPump","2012.11.18","45.1","nan","8.4","3.5","-0.5","10.0"
"Yang_WaterPump","2012.11.19","64.4","5.5","7.6","3.4","-0.5","283.0"
"Yang_WaterPump","2012.11.20","51.6","nan","6.4","1.9","-1.8","228.0"
"Yang_WaterPump","2012.11.21","62.5","nan","8.4","4.1","-0.4","340.0"
"Yang_WaterPump","2012.11.22","68.3","0.3","10.5","6.7","1.9","484.0"
"Yang_WaterPump","2012.11.23","63.0","nan","6.9","3.3","0.3","349.0"
"Yang_WaterPump","2012.11.24","46.9","nan","6.7","1.7","-1.8","424.0"
"Yang_WaterPump","2012.11.25","55.6","0.5","7.5","3.4","-0.7","784.0"
"Yang_WaterPump","2012.11.26","51.5","1.0","5.1","2.3","-1.2","1073.0"
"Yang_WaterPump","2012.11.27","38.9","nan","6.5","2.1","-2.8","0.0"
"Yang_WaterPump","2012.11.28","54.5","1.0","10.2","5.0","-0.1","100.0"
"Yang_WaterPump","2012.11.29","34.4","nan","4.7","0.8","-1.9","93.0"
"Yang_WaterPump","2012.11.30","49.6","0.5","6.2","1.7","-3.0","63.0"
"Yang_WaterPump","2012.12.1","47.9","nan","4.0","-0.9","-5.9","62.0"
"Yang_WaterPump","2012.12.2","50.4","nan","7.1","2.9","1.0","45.0"
"Yang_WaterPump","2012.12.3","66.9","5.4","5.0","1.7","-1.6","39.0"
"Yang_WaterPump","2012.12.4","41.3","nan","-0.1","-3.3","-5.9","64.0"
"Yang_WaterPump","2012.12.5","66.5","5.8","-0.8","-3.8","-6.2","63.0"
"Yang_WaterPump","2012.12.6","53.4","0.1","-2.9","-6.3","-10.3","148.0"
"Yang_WaterPump","2012.12.7","76.0","1.9","-2.4","-4.5","-6.4","56.0"
"Yang_WaterPump","2012.12.8","42.4","nan","-5.3","-8.2","-11.0","211.5333333"
"Yang_WaterPump","2012.12.9","45.5","nan","-7.0","-10.5","-13.2","44.0"
"Yang_WaterPump","2012.12.10","51.3","nan","-4.6","-8.3","-11.8","72.0"
"Yang_WaterPump","2012.12.11","55.3","nan","-0.8","-6.5","-10.4","1124.0"
"Yang_WaterPump","2012.12.12","56.8","nan","0.0","-5.0","-9.0","130.0"
"Yang_WaterPump","2012.12.13","55.1","nan","3.4","-1.5","-6.2","75.0"
"Yang_WaterPump","2012.12.14","79.8","18.5","4.7","2.7","0.3","82.0"
"Yang_WaterPump","2012.12.15","78.4","0.5","8.3","4.6","1.9","49.0"
"Yang_WaterPump","2012.12.16","77.0","nan","4.3","1.6","-1.2","120.0"
"Yang_WaterPump","2012.12.17","65.4","nan","3.2","-0.4","-4.7","233.0"
"Yang_WaterPump","2012.12.18","49.4","nan","-4.0","-6.8","-9.2","264.0"
"Yang_WaterPump","2012.12.19","45.0","nan","-2.8","-6.9","-10.4","302.0"
"Yang_WaterPump","2012.12.20","49.1","nan","0.3","-3.4","-7.8","491.0"
"Yang_WaterPump","2012.12.21","66.1","1.8","0.8","-0.7","-1.9","885.0"
"Yang_WaterPump","2012.12.22","67.4","nan","-0.8","-3.0","-5.9","502.0"
"Yang_WaterPump","2012.12.23","53.9","0.0","-5.9","-8.9","-12.5","368.0"
"Yang_WaterPump","2012.12.24","52.0","0.0","-4.5","-8.8","-13.6","160.0"
"Yang_WaterPump","2012.12.25","50.9","1.0","-4.6","-8.9","-13.7","229.0"
"Yang_WaterPump","2012.12.26","33.5","nan","-7.0","-10.8","-14.5","175.0"
"Yang_WaterPump","2012.12.27","47.1","nan","-0.8","-5.7","-11.3","183.0"
"Yang_WaterPump","2012.12.28","59.5","0.0","1.5","-0.9","-3.5","125.0"
"Yang_WaterPump","2012.12.29","84.1","4.1","0.6","-0.3","-1.9","149.0"
"Yang_WaterPump","2012.12.30","54.6","2.3","0.0","-8.2","-10.7","198.0"
"Yang_WaterPump","2012.12.31","45.9","nan","-5.0","-8.7","-11.6","135.0"
"Yang_WaterPump","2013.1.1","73.5","3.1","0.0","-4.7","-8.7","321.0"
"Yang_WaterPump","2013.1.2","40.8","nan","-4.8","-11.7","-15.1","2081.0"
"Yang_WaterPump","2013.1.3","42.8","nan","-9.3","-13.2","-16.4","15048.0"
"Yang_WaterPump","2013.1.4","44.3","nan","-5.8","-10.7","-14.8","37827.0"
"Yang_WaterPump","2013.1.5","59.4","nan","-1.2","-7.0","-12.1","593.0"
"Yang_WaterPump","2013.1.6","59.4","nan","-2.0","-6.3","-9.4","431.0"
"Yang_WaterPump","2013.1.7","53.6","nan","0.1","-5.1","-8.8","153.0"
"Yang_WaterPump","2013.1.8","53.4","nan","-0.7","-4.6","-6.8","2228.827586"
"Yang_WaterPump","2013.1.9","38.5","nan","-6.4","-9.0","-10.7","343.0"
"Yang_WaterPump","2013.1.10","41.3","nan","-3.6","-8.3","-12.3","430.0"
"Yang_WaterPump","2013.1.11","50.5","0.0","1.4","-3.2","-7.9","289.0"
"Yang_WaterPump","2013.1.12","70.0","0.1","4.2","0.0","-2.7","7.0"
"Yang_WaterPump","2013.1.13","65.6","nan","3.3","-0.5","-3.0","178.0"
"Yang_WaterPump","2013.1.14","61.6","nan","1.8","-2.1","-4.3","62.0"
"Yang_WaterPump","2013.1.15","57.0","nan","2.0","-2.1","-5.5","2408.0"
"Yang_WaterPump","2013.1.16","64.1","0.3","0.4","-2.6","-5.8","138.0"
"Yang_WaterPump","2013.1.17","62.9","nan","-2.5","-5.8","-8.2","337.0"
"Yang_WaterPump","2013.1.18","51.9","nan","0.2","-4.4","-9.2","254.0"
"Yang_WaterPump","2013.1.19","59.9","nan","4.6","0.5","-2.5","183.0"
"Yang_WaterPump","2013.1.20","55.8","nan","4.1","1.6","-2.0","199.0"
"Yang_WaterPump","2013.1.21","83.6","16.5","4.0","2.2","1.1","259.0"
"Yang_WaterPump","2013.1.22","74.3","0.5","6.0","3.8","2.0","238.0"
"Yang_WaterPump","2013.1.23","80.4","1.5","3.8","1.8","1.0","244.0"
"Yang_WaterPump","2013.1.24","57.6","0.1","2.4","-0.9","-6.7","972.0"
"Yang_WaterPump","2013.1.25","37.5","nan","-6.5","-9.1","-10.8","239.0"
"Yang_WaterPump","2013.1.26","37.0","nan","-5.1","-9.2","-11.9","617.0"
"Yang_WaterPump","2013.1.27","44.9","nan","-3.9","-7.3","-10.7","303.0"
"Yang_WaterPump","2013.1.28","56.0","nan","0.2","-3.5","-8.9","390.0"
"Yang_WaterPump","2013.1.29","63.5","0.0","3.7","2.2","-0.3","869.0"
"Yang_WaterPump","2013.1.30","68.8","nan","8.5","5.4","3.5","629.0"
"Yang_WaterPump","2013.1.31","59.5","0.0","11.5","7.4","3.7","30424.0"
"Yang_WaterPump","2013.2.1","85.8","46.5","9.3","7.3","3.7","307.0"
"Yang_WaterPump","2013.2.2","52.1","nan","3.7","-1.1","-4.5","578.0"
"Yang_WaterPump","2013.2.3","62.3","7.5","-1.1","-3.2","-5.8","2796.0"
"Yang_WaterPump","2013.2.4","77.1","7.4","2.5","-0.8","-3.3","1457.0"
"Yang_WaterPump","2013.2.5","77.0","4.5","2.7","-0.6","-4.0","1560.0"
"Yang_WaterPump","2013.2.6","75.0","2.1","0.2","-1.5","-3.1","233.0"
"Yang_WaterPump","2013.2.7","42.5","0.0","-2.6","-11.1","-13.8","920.0"
"Yang_WaterPump","2013.2.8","39.3","nan","-6.1","-11.5","-15.8","26.0"
"Yang_WaterPump","2013.2.9","55.5","nan","-2.6","-7.2","-12.3","277.0"
"Yang_WaterPump","2013.2.10","56.6","1.2","-0.5","-4.0","-8.4","291.0"
"Yang_WaterPump","2013.2.11","41.8","nan","-0.9","-5.8","-10.4","383.0"
"Yang_WaterPump","2013.2.12","55.6","0.0","-1.9","-3.8","-4.8","224.0"
"Yang_WaterPump","2013.2.13","59.6","nan","2.9","-1.3","-6.3","333.0"
"Yang_WaterPump","2013.2.14","60.1","nan","5.2","1.1","-2.6","521.0"
"Yang_WaterPump","2013.2.15","48.4","nan","1.5","-1.2","-5.2","343.0"
"Yang_WaterPump","2013.2.16","38.8","nan","2.6","-2.6","-7.0","399.0"
"Yang_WaterPump","2013.2.17","44.5","0.0","5.8","2.3","-2.1","366.0"
"Yang_WaterPump","2013.2.18","49.8","nan","3.1","0.5","-2.5","234.0"
"Yang_WaterPump","2013.2.19","27.5","nan","0.6","-2.9","-7.1","143.0"
"Yang_WaterPump","2013.2.20","35.3","nan","0.0","-4.8","-8.7","243.0"
"Yang_WaterPump","2013.2.21","49.0","0.0","2.5","-1.7","-5.3","369.0"
"Yang_WaterPump","2013.2.22","57.1","3.9","4.3","0.5","-3.1","235.0"
"Yang_WaterPump","2013.2.23","45.9","nan","2.4","-0.9","-4.4","321.0"
"Yang_WaterPump","2013.2.24","42.4","nan","5.3","1.4","-2.4","109.0"
"Yang_WaterPump","2013.2.25","39.4","nan","8.6","3.3","-0.7","260.0"
"Yang_WaterPump","2013.2.26","56.4","0.0","7.5","4.8","2.5","454.0"
"Yang_WaterPump","2013.2.27","69.5","nan","8.8","3.4","0.8","545.0"
"Yang_WaterPump","2013.2.28","57.3","1.0","13.9","6.7","-1.1","722.0"
"Yang_WaterPump","2013.3.1","56.1","3.0","7.7","0.8","-2.4","323.0"
"Yang_WaterPump","2013.3.2","42.6","nan","3.1","-0.8","-4.4","302.0"
"Yang_WaterPump","2013.3.3","50.3","nan","4.8","0.4","-3.5","340.0"
"Yang_WaterPump","2013.3.4","58.6","nan","8.9","3.1","-0.7","1145.0"
"Yang_WaterPump","2013.3.5","51.8","nan","9.1","3.7","-0.7","388.6666667"
"Yang_WaterPump","2013.3.6","43.1","nan","14.3","7.9","0.9","1358.0"
"Yang_WaterPump","2013.3.7","74.1","0.5","11.7","8.0","4.3","1816.0"
"Yang_WaterPump","2013.3.8","66.0","nan","14.1","8.5","3.8","1612.0"
"Yang_WaterPump","2013.3.9","48.8","nan","23.8","13.2","6.2","499.0"
"Yang_WaterPump","2013.3.10","32.5","nan","7.9","1.2","-1.5","270.0"
"Yang_WaterPump","2013.3.11","33.4","nan","12.1","4.2","-2.6","277.0"
"Yang_WaterPump","2013.3.12","60.4","3.5","11.7","7.5","1.6","244.0"
"Yang_WaterPump","2013.3.13","64.5","11.5","8.4","5.2","1.8","54.0"
"Yang_WaterPump","2013.3.14","48.9","nan","9.8","4.1","0.9","104.0"
"Yang_WaterPump","2013.3.15","43.4","nan","10.5","4.6","0.0","95.0"
"Yang_WaterPump","2013.3.16","53.6","nan","12.7","6.3","1.6","130.0"
"Yang_WaterPump","2013.3.17","57.5","7.5","15.9","8.2","3.4","230.0"
"Yang_WaterPump","2013.3.18","73.0","1.0","14.2","8.3","5.3","201.0"
"Yang_WaterPump","2013.3.19","61.1","nan","11.4","8.0","5.2","183.0"
"Yang_WaterPump","2013.3.20","51.9","0.1","8.5","2.8","-2.5","165.0"
"Yang_WaterPump","2013.3.21","34.3","nan","7.2","1.5","-4.0","156.0"
"Yang_WaterPump","2013.3.22","61.6","nan","6.9","3.4","0.9","44.0"
"Yang_WaterPump","2013.3.23","39.0","nan","12.1","5.4","-1.2","33.0"
"Yang_WaterPump","2013.3.24","47.4","nan","10.2","5.1","1.8","50.0"
"Yang_WaterPump","2013.3.25","40.3","nan","7.8","2.8","-0.7","81.0"
"Yang_WaterPump","2013.3.26","39.9","nan","10.4","4.4","-0.9","73.0"
"Yang_WaterPump","2013.3.27","30.1","nan","14.9","7.5","1.4","106.0"
"Yang_WaterPump","2013.3.28","42.1","nan","12.0","7.3","4.4","48.0"
"Yang_WaterPump","2013.3.29","28.6","nan","10.4","5.4","0.6","837.0"
"Yang_WaterPump","2013.3.30","43.1","0.2","10.2","4.9","2.3","1149.0"
"Yang_WaterPump","2013.3.31","46.4","nan","13.2","6.3","1.0","62.0"
"Yang_WaterPump","2013.4.1","44.5","0.5","13.4","9.2","3.3","76.0"
"Yang_WaterPump","2013.4.2","86.1","8.5","9.5","7.2","5.8","23.0"
"Yang_WaterPump","2013.4.3","64.0","nan","14.1","7.9","3.9","77.0"
"Yang_WaterPump","2013.4.4","44.5","nan","19.8","12.6","5.6","53.0"
"Yang_WaterPump","2013.4.5","42.1","nan","19.9","14.6","10.1","432.0"
"Yang_WaterPump","2013.4.6","84.4","14.0","13.0","7.5","2.5","41.0"
"Yang_WaterPump","2013.4.7","57.3","1.0","9.6","5.1","2.0","61.0"
"Yang_WaterPump","2013.4.8","55.1","1.0","13.8","8.0","2.5","47.0"
"Yang_WaterPump","2013.4.9","50.8","0.5","10.7","6.2","3.2","23.0"
"Yang_WaterPump","2013.4.10","49.3","1.5","8.1","5.0","1.3","47.0"
"Yang_WaterPump","2013.4.11","54.5","0.5","9.6","5.5","3.7","53.0"
"Yang_WaterPump","2013.4.12","42.6","nan","11.9","6.9","2.2","54.0"
"Yang_WaterPump","2013.4.13","38.6","nan","17.5","11.4","3.4","56.0"
"Yang_WaterPump","2013.4.14","40.4","3.5","12.2","8.3","4.2","69.0"
"Yang_WaterPump","2013.4.15","31.5","nan","12.5","7.5","2.6","89.0"
"Yang_WaterPump","2013.4.16","54.5","nan","19.1","13.2","8.6","94.0"
"Yang_WaterPump","2013.4.17","62.3","nan","20.6","14.8","10.3","150.0"
"Yang_WaterPump","2013.4.18","37.4","nan","16.3","12.3","9.0","135.0"
"Yang_WaterPump","2013.4.19","27.0","nan","15.0","9.8","5.1","950.0"
"Yang_WaterPump","2013.4.20","70.8","9.5","10.1","6.6","4.0","290.0"
"Yang_WaterPump","2013.4.21","58.8","nan","15.3","9.0","4.2","112.0"
"Yang_WaterPump","2013.4.22","43.8","nan","17.2","11.4","5.6","746.0"
"Yang_WaterPump","2013.4.23","59.3","5.5","14.8","11.2","9.7","173.0"
"Yang_WaterPump","2013.4.24","67.0","0.1","18.0","12.3","8.3","671.0"
"Yang_WaterPump","2013.4.25","78.9","4.5","13.8","9.3","7.9","442.0"
"Yang_WaterPump","2013.4.26","55.0","0.1","16.3","11.7","6.9","158.0"
"Yang_WaterPump","2013.4.27","51.4","nan","18.5","12.8","8.2","145.0"
"Yang_WaterPump","2013.4.28","51.0","nan","21.6","16.0","10.3","544.0"
"Yang_WaterPump","2013.4.29","67.6","21.0","17.7","13.5","9.0","135.0"
"Yang_WaterPump","2013.4.30","48.8","nan","19.5","13.4","7.7","208.0"
"Yang_WaterPump","2013.5.1","52.4","1.0","18.6","13.2","8.7","127.0"
"Yang_WaterPump","2013.5.2","67.1","1.0","17.1","12.4","9.0","246.0"
"Yang_WaterPump","2013.5.3","64.8","0.0","18.2","12.6","9.0","195.0"
"Yang_WaterPump","2013.5.4","58.1","nan","19.6","13.9","9.3","618.0"
"Yang_WaterPump","2013.5.5","51.8","nan","20.6","14.3","9.2","3707.0"
"Yang_WaterPump","2013.5.6","54.0","nan","21.3","14.6","7.9","372.0"
"Yang_WaterPump","2013.5.7","41.4","nan","26.7","18.7","11.9","1157.0"
"Yang_WaterPump","2013.5.8","33.6","nan","26.2","19.4","12.7","3468.0"
"Yang_WaterPump","2013.5.9","55.3","2.5","23.0","18.1","14.7","451.0"
"Yang_WaterPump","2013.5.10","89.3","22.0","16.1","14.0","10.4","560.0"
"Yang_WaterPump","2013.5.11","55.5","nan","24.8","17.9","11.0","15351.0"
"Yang_WaterPump","2013.5.12","61.3","1.0","22.5","19.1","16.4","16314.0"
"Yang_WaterPump","2013.5.13","45.0","nan","26.8","21.6","17.7","9189.0"
"Yang_WaterPump","2013.5.14","46.9","nan","25.3","20.2","17.0","21204.0"
"Yang_WaterPump","2013.5.15","57.0","nan","24.4","19.4","15.6","0.0"
"Yang_WaterPump","2013.5.16","33.3","nan","28.3","22.0","15.3","414.0"
"Yang_WaterPump","2013.5.17","36.6","nan","26.6","20.2","15.7","396.0"
"Yang_WaterPump","2013.5.18","62.8","14.5","22.3","17.7","13.7","346.0"
"Yang_WaterPump","2013.5.19","80.9","19.5","21.5","16.6","13.6","222.0"
"Yang_WaterPump","2013.5.20","76.0","nan","18.5","14.4","12.1","369.0"
"Yang_WaterPump","2013.5.21","43.3","nan","24.6","17.7","10.2","121.0"
"Yang_WaterPump","2013.5.22","49.4","nan","25.9","19.7","13.9","278.0"
"Yang_WaterPump","2013.5.23","59.3","nan","30.2","22.1","15.4","296.0"
"Yang_WaterPump","2013.5.24","58.9","nan","27.5","21.3","15.7","1083.0"
"Yang_WaterPump","2013.5.25","49.6","nan","31.8","24.7","18.2","442.0"
"Yang_WaterPump","2013.5.26","45.9","nan","28.4","23.9","20.8","1154.0"
"Yang_WaterPump","2013.5.27","80.4","56.5","22.6","19.7","17.7","334.0"
"Yang_WaterPump","2013.5.28","89.1","11.5","20.9","18.9","17.6","462.0"
"Yang_WaterPump","2013.5.29","87.8","2.5","18.1","16.1","14.9","388.0"
"Yang_WaterPump","2013.5.30","57.9","nan","25.0","19.2","14.3","364.0"
"Yang_WaterPump","2013.5.31","46.6","nan","27.8","21.3","13.9","305.0"
"Yang_WaterPump","2013.6.1","44.3","nan","27.9","21.7","17.4","460.0"
"Yang_WaterPump","2013.6.2","48.6","nan","30.8","23.5","16.3","508.0"
"Yang_WaterPump","2013.6.3","59.0","nan","26.7","21.3","18.4","480.0"
"Yang_WaterPump","2013.6.4","54.3","0.2","28.4","22.8","17.5","318.0"
"Yang_WaterPump","2013.6.5","51.8","nan","30.4","24.8","19.1","311.0"
"Yang_WaterPump","2013.6.6","55.9","nan","30.0","25.0","21.7","415.0"
"Yang_WaterPump","2013.6.7","50.9","nan","31.1","25.7","20.7","607.0"
"Yang_WaterPump","2013.6.8","48.5","nan","31.2","26.4","21.0","533.0"
"Yang_WaterPump","2013.6.9","38.3","nan","32.4","27.4","22.3","762.0"
"Yang_WaterPump","2013.6.10","35.5","nan","32.2","27.5","21.6","386.0"
"Yang_WaterPump","2013.6.11","57.9","7.0","26.7","23.7","20.5","515.0"
"Yang_WaterPump","2013.6.12","85.4","6.5","22.5","20.5","19.6","630.0"
"Yang_WaterPump","2013.6.13","70.5","nan","27.5","23.0","18.8","485.0"
"Yang_WaterPump","2013.6.14","62.3","nan","29.7","24.6","20.9","530.0"
"Yang_WaterPump","2013.6.15","58.4","nan","29.1","24.6","21.3","471.0"
"Yang_WaterPump","2013.6.16","69.8","nan","27.5","22.5","19.8","554.0"
"Yang_WaterPump","2013.6.17","76.8","0.5","25.8","22.3","19.9","775.0"
"Yang_WaterPump","2013.6.18","90.1","12.0","23.1","21.7","20.5","532.0"
"Yang_WaterPump","2013.6.19","71.1","0.1","29.6","24.3","20.6","382.0"
"Yang_WaterPump","2013.6.20","58.5","nan","31.1","25.8","20.9","138.0"
"Yang_WaterPump","2013.6.21","57.5","nan","31.8","26.6","22.9","132.0"
"Yang_WaterPump","2013.6.22","63.9","nan","29.6","25.1","22.7","371.0"
"Yang_WaterPump","2013.6.23","69.6","0.3","26.2","22.9","20.6","263.0"
"Yang_WaterPump","2013.6.24","66.6","nan","29.4","23.5","19.6","283.0"
"Yang_WaterPump","2013.6.25","58.6","nan","29.8","25.1","21.0","286.0"
"Yang_WaterPump","2013.6.26","59.8","0.0","29.7","24.5","21.1","350.0"
"Yang_WaterPump","2013.6.27","63.1","nan","31.8","25.1","20.4","268.0"
"Yang_WaterPump","2013.6.28","61.1","1.5","30.6","25.5","21.5","168.0"
"Yang_WaterPump","2013.6.29","54.8","nan","32.6","27.2","21.8","298.0"
"Yang_WaterPump","2013.6.30","60.4","0.2","31.9","27.7","23.4","271.0"
"Yang_WaterPump","2013.7.1","58.4","nan","31.3","27.1","23.9","63.0"
"Yang_WaterPump","2013.7.2","82.5","51.5","27.9","24.3","21.5","110.0"
"Yang_WaterPump","2013.7.3","69.1","nan","30.7","25.2","20.5","109.0"
"Yang_WaterPump","2013.7.4","84.3","32.5","27.6","24.9","23.1","41.0"
"Yang_WaterPump","2013.7.5","73.4","1.0","30.2","25.6","22.1","64.0"
"Yang_WaterPump","2013.7.6","73.0","nan","30.6","25.2","21.6","240.0"
"Yang_WaterPump","2013.7.7","78.8","3.0","29.5","24.9","22.4","564.0"
"Yang_WaterPump","2013.7.8","88.6","68.0","26.3","24.3","22.3","158.0"
"Yang_WaterPump","2013.7.9","87.3","6.5","26.2","24.5","23.5","249.0"
"Yang_WaterPump","2013.7.10","82.8","1.0","26.1","25.3","24.6","241.0"
"Yang_WaterPump","2013.7.11","86.0","14.0","25.1","24.6","23.8","261.0"
"Yang_WaterPump","2013.7.12","88.4","74.0","24.3","23.6","23.2","241.0"
"Yang_WaterPump","2013.7.13","90.1","165.0","25.6","24.2","22.2","293.0"
"Yang_WaterPump","2013.7.14","90.9","23.0","25.4","24.1","23.1","648.0"
"Yang_WaterPump","2013.7.15","80.1","3.5","29.1","26.5","23.6","188.0"
"Yang_WaterPump","2013.7.16","70.4","1.5","28.8","26.9","25.2","148.0"
"Yang_WaterPump","2013.7.17","89.1","18.5","25.7","24.2","23.5","157.0"
"Yang_WaterPump","2013.7.18","85.6","26.5","27.7","25.1","23.8","209.0"
"Yang_WaterPump","2013.7.19","72.0","nan","30.5","26.8","23.3","56.0"
"Yang_WaterPump","2013.7.20","72.4","1.0","30.3","27.0","25.3","137.0"
"Yang_WaterPump","2013.7.21","78.8","0.5","28.4","26.8","25.6","181.0"
"Yang_WaterPump","2013.7.22","81.0","84.5","29.4","26.4","24.1","325.0"
"Yang_WaterPump","2013.7.23","87.3","56.5","26.4","25.7","24.7","519.0"
"Yang_WaterPump","2013.7.24","79.0","11.5","27.6","24.7","23.2","194.0"
"Yang_WaterPump","2013.7.25","71.8","0.0","30.2","26.0","22.9","325.0"
"Yang_WaterPump","2013.7.26","70.9","nan","31.1","26.5","23.1","399.0"
"Yang_WaterPump","2013.7.27","67.8","0.2","31.2","26.2","23.1","229.0"
"Yang_WaterPump","2013.7.28","85.5","11.0","26.7","25.3","23.9","261.0"
"Yang_WaterPump","2013.7.29","82.3","3.5","29.6","26.5","24.4","252.0"
"Yang_WaterPump","2013.7.30","73.9","9.5","29.9","26.3","24.0","132.0"
"Yang_WaterPump","2013.7.31","75.4","8.5","29.0","26.4","24.7","92.0"
"Yang_WaterPump","2013.8.1","67.3","nan","32.1","28.0","24.5","87.0"
"Yang_WaterPump","2013.8.2","80.4","7.5","29.3","27.4","25.2","244.0"
"Yang_WaterPump","2013.8.3","72.3","0.1","32.6","28.9","26.7","222.0"
"Yang_WaterPump","2013.8.4","76.4","4.5","31.3","28.3","26.4","296.0"
"Yang_WaterPump","2013.8.5","78.9","7.0","30.1","27.7","26.4","323.0"
"Yang_WaterPump","2013.8.6","80.8","45.0","27.6","26.4","23.0","303.0"
"Yang_WaterPump","2013.8.7","73.8","nan","32.1","28.7","25.0","243.0"
"Yang_WaterPump","2013.8.8","73.5","nan","32.8","29.3","27.3","277.0"
"Yang_WaterPump","2013.8.9","79.9","0.0","30.8","29.2","27.9","247.0"
"Yang_WaterPump","2013.8.10","82.4","2.0","29.4","28.0","25.8","156.0"
"Yang_WaterPump","2013.8.11","71.8","nan","33.2","28.7","24.2","259.0"
"Yang_WaterPump","2013.8.12","69.8","nan","32.6","29.3","27.1","139.0"
"Yang_WaterPump","2013.8.13","65.6","nan","32.9","29.0","26.6","150.0"
"Yang_WaterPump","2013.8.14","67.1","nan","32.0","28.6","26.2","152.0"
"Yang_WaterPump","2013.8.15","71.5","0.0","32.4","28.7","25.8","318.0"
"Yang_WaterPump","2013.8.16","71.8","4.5","31.7","28.7","26.1","255.0"
"Yang_WaterPump","2013.8.17","69.6","nan","31.6","28.7","27.1","281.0"
"Yang_WaterPump","2013.8.18","72.8","13.0","31.5","28.3","26.0","366.0"
"Yang_WaterPump","2013.8.19","68.9","6.0","32.3","28.2","25.7","411.0"
"Yang_WaterPump","2013.8.20","62.0","nan","32.3","27.4","23.0","325.0"
"Yang_WaterPump","2013.8.21","54.9","nan","33.9","28.8","24.2","618.0"
"Yang_WaterPump","2013.8.22","58.6","0.0","32.3","29.3","26.3","848.0"
"Yang_WaterPump","2013.8.23","78.9","35.0","28.7","25.7","23.7","792.0"
"Yang_WaterPump","2013.8.24","60.4","nan","31.5","26.6","21.9","490.0"
"Yang_WaterPump","2013.8.25","52.3","nan","32.1","27.1","22.0","424.0"
"Yang_WaterPump","2013.8.26","52.3","nan","31.6","27.0","22.8","22762.0"
"Yang_WaterPump","2013.8.27","61.6","nan","29.3","25.6","22.5","6382.0"
"Yang_WaterPump","2013.8.28","59.4","nan","30.8","26.4","22.7","5738.0"
"Yang_WaterPump","2013.8.29","79.1","21.5","26.7","25.5","24.5","3164.0"
"Yang_WaterPump","2013.8.30","69.6","nan","28.3","25.1","22.3","7314.0"
"Yang_WaterPump","2013.8.31","65.8","2.5","27.9","24.0","21.1","7172.0"
"Yang_WaterPump","2013.9.1","54.6","nan","28.2","23.5","19.8","7142.0"
"Yang_WaterPump","2013.9.2","49.9","nan","26.9","22.4","17.3","8506.0"
"Yang_WaterPump","2013.9.3","43.5","nan","26.8","21.7","16.4","5371.0"
"Yang_WaterPump","2013.9.4","46.5","nan","27.5","22.0","16.4","5571.0"
"Yang_WaterPump","2013.9.5","52.9","0.0","24.1","21.2","17.9","4320.0"
"Yang_WaterPump","2013.9.6","59.6","0.0","23.1","20.8","19.0","5274.0"
"Yang_WaterPump","2013.9.7","61.8","nan","26.9","21.9","17.9","4895.0"
"Yang_WaterPump","2013.9.8","63.4","nan","27.9","22.9","18.4","3965.0"
"Yang_WaterPump","2013.9.9","67.0","nan","26.5","23.0","19.8","2314.0"
"Yang_WaterPump","2013.9.10","76.3","11.5","25.2","22.0","19.1","2017.0"
"Yang_WaterPump","2013.9.11","90.6","36.5","20.9","20.1","19.1","2239.0"
"Yang_WaterPump","2013.9.12","80.4","0.5","26.3","23.0","20.3","921.0"
"Yang_WaterPump","2013.9.13","87.5","50.0","25.2","22.9","20.9","135.0"
"Yang_WaterPump","2013.9.14","81.1","11.5","25.3","23.1","21.5","45.0"
"Yang_WaterPump","2013.9.15","59.5","nan","28.2","23.4","20.3","45.0"
"Yang_WaterPump","2013.9.16","49.3","nan","27.0","20.9","15.2","84.0"
"Yang_WaterPump","2013.9.17","48.4","nan","29.3","22.6","17.0","28.0"
"Yang_WaterPump","2013.9.18","54.0","nan","31.1","24.4","17.5","14.0"
"Yang_WaterPump","2013.9.19","56.0","nan","30.2","24.7","20.5","15.0"
"Yang_WaterPump","2013.9.20","71.5","nan","28.0","23.4","20.1","28.0"
"Yang_WaterPump","2013.9.21","66.9","nan","27.8","23.8","19.9","42.0"
"Yang_WaterPump","2013.9.22","54.9","0.0","27.2","23.1","20.4","37.0"
"Yang_WaterPump","2013.9.23","55.6","nan","29.0","23.8","18.6","30.0"
"Yang_WaterPump","2013.9.24","81.8","4.5","23.9","22.0","20.0","2.0"
"Yang_WaterPump","2013.9.25","57.3","nan","24.2","19.5","15.3","6.0"
"Yang_WaterPump","2013.9.26","36.9","nan","22.5","17.3","12.7","10.0"
"Yang_WaterPump","2013.9.27","50.9","nan","24.0","17.9","10.9","619.0"
"Yang_WaterPump","2014.5.1","60.5","nan","22.1","16.0","10.4","837.0"
"Yang_WaterPump","2014.5.2","70.9","1.0","24.8","15.7","11.1","1149.0"
"Yang_WaterPump","2014.5.3","54.6","nan","19.3","13.1","8.0","62.0"
"Yang_WaterPump","2014.5.4","57.8","0.2","20.5","12.3","8.5","76.0"
"Yang_WaterPump","2014.5.5","56.5","nan","15.5","11.3","6.8","23.0"
"Yang_WaterPump","2014.5.6","45.9","nan","19.0","13.1","7.6","77.0"
"Yang_WaterPump","2014.5.7","48.3","2.0","22.3","15.7","8.7","53.0"
"Yang_WaterPump","2014.5.8","83.9","4.0","19.5","14.5","11.5","432.0"
"Yang_WaterPump","2014.5.9","60.8","nan","23.8","16.8","9.8","41.0"
"Yang_WaterPump","2014.5.10","43.4","nan","28.3","20.5","12.9","61.0"
"Yang_WaterPump","2014.5.11","54.4","23.0","23.8","18.9","15.9","47.0"
"Yang_WaterPump","2014.5.12","79.1","10.0","20.4","16.4","13.6","23.0"
"Yang_WaterPump","2014.5.13","69.9","nan","25.6","19.2","11.9","47.0"
"Yang_WaterPump","2014.5.14","59.1","nan","25.9","19.6","15.3","53.0"
"Yang_WaterPump","2014.5.15","66.9","0.3","23.7","18.2","14.5","54.0"
"Yang_WaterPump","2014.5.16","50.3","nan","26.2","19.0","12.3","56.0"
"Yang_WaterPump","2014.5.17","48.0","nan","26.2","20.0","14.3","69.0"
"Yang_WaterPump","2014.5.18","50.1","nan","27.1","20.3","13.7","89.0"
"Yang_WaterPump","2014.5.19","55.1","nan","26.2","20.0","14.1","94.0"
"Yang_WaterPump","2014.5.20","45.4","nan","28.4","21.5","16.1","150.0"
"Yang_WaterPump","2014.5.21","65.3","nan","26.5","20.1","15.9","135.0"
"Yang_WaterPump","2014.5.22","63.4","nan","28.3","20.9","13.6","950.0"
"Yang_WaterPump","2014.5.23","68.4","nan","27.8","22.0","17.6","290.0"
"Yang_WaterPump","2014.5.24","68.8","nan","27.9","21.3","16.9","112.0"
"Yang_WaterPump","2014.5.25","78.9","21.0","24.9","20.5","18.3","746.0"
"Yang_WaterPump","2014.5.26","67.4","1.5","24.7","19.4","16.5","173.0"
"Yang_WaterPump","2014.5.27","49.5","nan","28.3","22.8","16.7","671.0"
"Yang_WaterPump","2014.5.28","60.8","nan","29.8","24.0","19.9","442.0"
"Yang_WaterPump","2014.5.29","54.6","nan","30.9","23.2","17.5","158.0"
"Yang_WaterPump","2014.5.30","42.5","nan","31.8","24.8","17.3","145.0"
"Yang_WaterPump","2014.5.31","50.3","nan","33.3","26.2","20.5","544.0"
"Yang_WaterPump","2014.6.1","58.1","nan","29.9","24.7","20.4","135.0"
"Yang_WaterPump","2014.6.2","73.5","2.0","24.6","22.6","20.6","208.0"
"Yang_WaterPump","2014.6.3","95.3","33.0","21.0","18.7","17.5","127.0"
"Yang_WaterPump","2014.6.4","61.5","nan","27.8","22.8","18.7","246.0"
"Yang_WaterPump","2014.6.5","58.8","nan","26.1","22.9","20.4","195.0"
"Yang_WaterPump","2014.6.6","58.9","nan","31.1","24.4","18.8","618.0"
"Yang_WaterPump","2014.6.7","65.1","nan","27.1","23.5","19.7","3707.0"
"Yang_WaterPump","2014.6.8","75.3","nan","24.5","21.4","19.2","372.0"
"Yang_WaterPump","2014.6.9","70.8","nan","28.7","22.9","18.5","1157.0"
"Yang_WaterPump","2014.6.10","72.0","5.5","29.3","23.6","20.0","3468.0"
"Yang_WaterPump","2014.6.11","87.1","19.0","26.9","20.5","18.3","451.0"
"Yang_WaterPump","2014.6.12","73.9","0.1","27.1","21.2","17.3","560.0"
"Yang_WaterPump","2014.6.13","79.0","0.0","25.8","21.3","18.4","15351.0"
"Yang_WaterPump","2014.6.14","71.6","nan","27.7","22.5","18.3","16314.0"
"Yang_WaterPump","2014.6.15","69.9","nan","28.5","23.2","19.5","9189.0"
"Yang_WaterPump","2014.6.16","66.4","nan","29.0","23.9","19.1","21204.0"
"Yang_WaterPump","2014.6.18","71.3","0.1","29.1","24.4","20.5","0.0"
"Yang_WaterPump","2014.6.19","79.3","0.0","25.6","22.5","20.8","414.0"
"Yang_WaterPump","2014.6.20","76.5","1.5","28.6","24.2","20.7","396.0"
"Yang_WaterPump","2014.6.21","80.9","8.5","28.2","23.1","19.8","346.0"
"Yang_WaterPump","2014.6.22","74.4","0.4","29.0","23.7","20.2","222.0"
"Yang_WaterPump","2014.6.23","91.4","24.5","23.2","21.0","19.4","369.0"
"Yang_WaterPump","2014.6.24","74.6","nan","27.2","22.9","19.4","121.0"
"Yang_WaterPump","2014.6.25","74.1","nan","29.0","23.8","20.2","278.0"
"Yang_WaterPump","2014.6.26","68.0","nan","29.5","24.4","20.2","296.0"
"Yang_WaterPump","2014.6.27","74.8","nan","29.5","24.1","20.6","1083.0"
"Yang_WaterPump","2014.6.28","71.6","0.0","28.4","23.8","21.3","442.0"
"Yang_WaterPump","2014.6.29","70.3","nan","29.8","24.1","20.9","1154.0"
"Yang_WaterPump","2014.6.30","68.0","nan","30.2","25.3","21.2","334.0"
"Yang_WaterPump","2014.7.1","67.8","nan","31.2","26.0","21.1","462.0"
"Yang_WaterPump","2014.7.2","77.3","20.5","31.1","25.7","22.1","388.0"
"Yang_WaterPump","2014.7.3","85.5","2.0","24.7","22.6","21.4","364.0"
"Yang_WaterPump","2014.7.4","62.1","nan","32.3","26.8","21.6","305.0"
"Yang_WaterPump","2014.7.5","70.4","nan","29.7","25.7","22.3","460.0"
"Yang_WaterPump","2014.7.6","65.8","nan","29.5","25.7","23.0","508.0"
"Yang_WaterPump","2014.7.7","61.4","nan","33.8","27.1","20.8","480.0"
"Yang_WaterPump","2014.7.8","73.0","0.2","29.3","25.9","23.7","318.0"
"Yang_WaterPump","2014.7.9","78.3","0.5","33.0","27.6","25.6","311.0"
"Yang_WaterPump","2014.7.10","57.9","nan","33.6","28.9","24.6","415.0"
"Yang_WaterPump","2014.7.11","63.4","nan","32.8","27.1","23.0","607.0"
"Yang_WaterPump","2014.7.12","74.3","nan","29.6","25.3","22.9","533.0"
"Yang_WaterPump","2014.7.13","73.4","nan","29.4","25.4","23.0","762.0"
"Yang_WaterPump","2014.7.14","70.8","nan","30.7","26.4","22.8","386.0"
"Yang_WaterPump","2014.7.15","69.4","nan","32.3","26.8","23.9","515.0"
"Yang_WaterPump","2014.7.16","68.4","nan","32.2","26.6","23.5","630.0"
"Yang_WaterPump","2014.7.17","75.9","0.2","29.6","25.9","23.6","485.0"
"Yang_WaterPump","2014.7.18","80.5","1.5","30.6","26.1","22.6","530.0"
"Yang_WaterPump","2014.7.19","79.8","nan","30.7","27.0","24.7","471.0"
"Yang_WaterPump","2014.7.20","75.8","nan","33.2","27.9","24.6","554.0"
"Yang_WaterPump","2014.7.21","73.9","nan","31.6","27.3","24.4","775.0"
"Yang_WaterPump","2014.7.22","83.9","16.5","28.2","25.9","24.6","532.0"
"Yang_WaterPump","2014.7.23","90.0","55.0","25.2","23.6","21.7","382.0"
"Yang_WaterPump","2014.7.24","92.8","48.0","24.5","21.9","19.1","138.0"
"Yang_WaterPump","2014.7.25","81.9","59.5","33.7","27.5","22.1","132.0"
"Yang_WaterPump","2014.7.26","86.1","2.5","27.3","22.6","20.8","371.0"
"Yang_WaterPump","2014.7.27","75.0","nan","30.6","25.0","21.4","263.0"
"Yang_WaterPump","2014.7.28","71.6","nan","31.3","26.6","21.6","283.0"
"Yang_WaterPump","2014.7.29","68.4","nan","30.1","26.5","23.4","286.0"
"Yang_WaterPump","2014.7.30","70.6","nan","33.5","28.6","25.0","350.0"
"Yang_WaterPump","2014.7.31","75.9","1.5","34.4","28.6","25.8","268.0"
"Yang_WaterPump","2014.8.1","63.4","nan","34.7","30.2","24.7","168.0"
"Yang_WaterPump","2014.8.2","55.0","0.0","35.8","31.4","28.7","298.0"
"Yang_WaterPump","2014.8.3","87.6","13.0","30.5","26.5","24.1","271.0"
"Yang_WaterPump","2014.8.4","93.0","6.5","29.6","26.4","24.7","63.0"
"Yang_WaterPump","2014.8.5","87.5","0.0","29.2","26.6","25.0","110.0"
"Yang_WaterPump","2014.8.6","92.4","10.5","26.2","24.4","22.5","109.0"
"Yang_WaterPump","2014.8.7","91.1","0.2","27.1","24.7","22.6","41.0"
"Yang_WaterPump","2014.8.8","62.3","nan","30.6","26.1","21.9","64.0"
"Yang_WaterPump","2014.8.9","48.4","nan","31.6","26.5","22.3","240.0"
"Yang_WaterPump","2014.8.10","79.4","42.5","27.7","23.4","19.6","564.0"
"Yang_WaterPump","2014.8.11","78.4","nan","28.6","23.7","18.3","158.0"
"Yang_WaterPump","2014.8.12","77.8","nan","30.4","25.8","22.3","249.0"
"Yang_WaterPump","2014.8.13","75.3","0.0","26.7","24.2","22.5","241.0"
"Yang_WaterPump","2014.8.14","78.6","0.5","24.2","22.3","21.4","261.0"
"Yang_WaterPump","2014.8.15","72.9","nan","29.6","24.9","20.9","241.0"
"Yang_WaterPump","2014.8.16","73.9","nan","31.8","26.1","22.2","293.0"
"Yang_WaterPump","2014.8.17","81.1","3.0","25.0","24.0","22.9","648.0"
"Yang_WaterPump","2014.8.18","90.0","11.5","24.4","22.3","20.9","188.0"
"Yang_WaterPump","2014.8.19","96.6","4.5","25.3","22.3","20.4","148.0"
"Yang_WaterPump","2014.8.20","86.0","0.5","28.0","24.8","22.4","157.0"
"Yang_WaterPump","2014.8.21","96.5","46.5","24.6","23.1","21.8","209.0"
"Yang_WaterPump","2014.8.22","83.4","15.0","28.2","24.7","21.8","56.0"
"Yang_WaterPump","2014.8.23","79.5","0.5","29.7","25.2","22.8","137.0"
"Yang_WaterPump","2014.8.24","75.5","0.1","30.7","25.6","20.7","181.0"
"Yang_WaterPump","2014.8.25","71.8","0.0","28.6","25.9","24.1","325.0"
"Yang_WaterPump","2014.8.26","71.4","11.5","29.6","25.4","21.6","519.0"
"Yang_WaterPump","2014.8.27","66.8","nan","28.6","24.6","21.1","194.0"
"Yang_WaterPump","2014.8.28","65.3","nan","30.7","25.1","19.8","325.0"
"Yang_WaterPump","2014.8.29","71.9","6.5","30.1","25.2","21.0","399.0"
"Yang_WaterPump","2014.8.30","71.6","nan","30.7","24.6","19.9","229.0"
"Yang_WaterPump","2014.8.31","68.6","nan","29.0","24.1","20.7","261.0"
"Yang_WaterPump","2014.9.1","72.5","1.5","29.7","24.1","20.4","252.0"
"Yang_WaterPump","2014.9.2","73.6","6.0","27.7","23.1","19.3","132.0"
"Yang_WaterPump","2014.9.3","99.8","57.5","20.6","19.1","17.4","92.0"
"Yang_WaterPump","2014.9.4","79.4","nan","27.6","22.4","18.0","87.0"
"Yang_WaterPump","2014.9.5","76.0","nan","29.0","23.8","20.0","244.0"
"Yang_WaterPump","2014.9.6","66.9","nan","30.8","25.2","20.3","222.0"
"Yang_WaterPump","2014.9.7","72.1","nan","31.3","25.3","19.8","296.0"
"Yang_WaterPump","2014.9.8","75.0","nan","30.2","24.8","20.6","323.0"
"Yang_WaterPump","2014.9.9","66.5","nan","28.2","23.3","19.9","303.0"
"Yang_WaterPump","2014.9.10","60.6","nan","28.9","22.4","16.7","243.0"
"Yang_WaterPump","2014.9.11","61.1","nan","29.2","23.3","17.5","277.0"
"Yang_WaterPump","2014.9.12","74.9","0.1","26.6","21.3","18.6","247.0"
"Yang_WaterPump","2014.9.13","60.9","nan","28.3","23.1","18.6","156.0"
"Yang_WaterPump","2014.9.14","60.6","nan","28.4","23.0","18.2","259.0"
"Yang_WaterPump","2014.9.15","64.9","nan","27.5","23.1","20.6","139.0"
"Yang_WaterPump","2014.9.16","43.8","nan","27.0","21.3","15.8","150.0"
"Yang_WaterPump","2014.9.17","52.3","nan","22.6","20.2","17.6","152.0"
"Yang_WaterPump","2014.9.18","56.5","nan","27.0","20.6","16.2","318.0"
"Yang_WaterPump","2014.9.19","55.0","nan","28.4","21.4","14.9","255.0"
"Yang_WaterPump","2014.9.20","52.5","nan","28.1","21.6","15.4","281.0"
"Yang_WaterPump","2014.9.21","61.6","0.0","25.6","20.2","17.5","366.0"
"Yang_WaterPump","2014.9.22","57.5","nan","27.9","21.4","15.0","411.0"
"Yang_WaterPump","2014.9.23","52.1","nan","29.0","23.0","18.1","325.0"
"Yang_WaterPump","2014.9.24","77.9","6.5","23.8","20.3","18.0","618.0"
"Yang_WaterPump","2014.9.25","66.9","nan","27.7","22.2","17.7","848.0"
"Yang_WaterPump","2014.9.26","78.1","0.0","24.2","21.0","18.6","792.0"
"Yang_WaterPump","2014.9.27","79.0","nan","25.1","21.4","18.3","490.0"
"Yang_WaterPump","2014.9.28","85.5","0.5","24.7","21.7","19.2","424.0"
"Yang_WaterPump","2014.9.29","99.0","16.0","20.7","19.4","17.7","22762.0"
"Yang_WaterPump","2014.9.30","72.5","nan","23.7","18.9","15.4","6382.0"
"Yang_WaterPump","2014.10.1","68.6","nan","24.4","19.2","14.9","5738.0"
"Yang_WaterPump","2014.10.2","89.0","9.0","20.1","18.1","17.1","3164.0"
"Yang_WaterPump","2014.10.3","74.3","nan","20.8","16.1","13.4","7314.0"
"Yang_WaterPump","2014.10.4","62.0","nan","23.0","16.9","11.6","7172.0"
"Yang_WaterPump","2014.10.5","53.1","nan","23.2","17.1","12.5","7142.0"
"Yang_WaterPump","2014.10.6","57.0","nan","22.6","16.6","10.5","8506.0"
"Yang_WaterPump","2014.10.7","64.8","nan","22.5","16.1","11.6","5371.0"
"Yang_WaterPump","2014.10.8","61.5","nan","23.6","16.7","10.0","5571.0"
"Yang_WaterPump","2014.10.9","60.4","nan","25.4","18.6","12.4","4320.0"
"Yang_WaterPump","2014.10.10","63.3","nan","26.3","19.0","12.5","5274.0"
"Yang_WaterPump","2014.10.11","57.4","nan","25.6","19.4","13.6","4895.0"
"Yang_WaterPump","2014.10.12","48.5","nan","29.0","21.2","13.9","3965.0"
"Yang_WaterPump","2014.10.13","51.9","nan","21.7","17.4","11.0","2314.0"
"Yang_WaterPump","2014.10.14","51.8","nan","20.0","13.8","8.5","2017.0"
"Yang_WaterPump","2014.10.15","60.4","nan","20.0","13.8","8.9","2239.0"
"Yang_WaterPump","2014.10.16","53.8","2.5","18.0","13.2","9.3","921.0"
"Yang_WaterPump","2014.10.17","53.8","nan","21.2","13.6","6.6","135.0"
"Yang_WaterPump","2014.10.18","68.9","nan","22.5","15.5","9.4","45.0"
"Yang_WaterPump","2014.10.19","61.0","nan","22.7","17.0","11.2","45.0"
"Yang_WaterPump","2014.10.20","97.8","21.5","17.1","14.4","12.9","84.0"
"Yang_WaterPump","2014.10.21","92.8","18.5","15.7","13.8","11.9","28.0"
"Yang_WaterPump","2014.10.22","69.0","nan","18.7","13.6","10.4","14.0"
"Yang_WaterPump","2014.10.23","67.8","nan","20.6","13.8","8.5","15.0"
"Yang_WaterPump","2014.10.24","78.0","nan","21.0","15.1","9.9","28.0"
"Yang_WaterPump","2014.10.25","81.1","nan","22.2","16.5","12.9","42.0"
"Yang_WaterPump","2014.10.26","76.9","0.5","19.9","16.0","11.6","37.0"
"Yang_WaterPump","2014.10.27","35.3","nan","16.9","10.7","6.1","30.0"
"Yang_WaterPump","2014.10.28","43.4","nan","19.4","10.2","2.7","2.0"
"Yang_WaterPump","2014.10.29","46.4","nan","20.8","12.1","4.9","6.0"
"Yang_WaterPump","2014.10.30","45.8","nan","20.8","14.2","7.7","10.0"
"Yang_WaterPump","2014.10.31","62.1","0.2","18.2","15.0","12.8","619.0"
"Yang_WaterPump","2014.11.1","63.4","nan","22.9","17.3","15.1","87.0"
"Yang_WaterPump","2014.11.2","50.5","2.5","15.4","12.0","7.1","51.0"
"Yang_WaterPump","2014.11.3","40.9","nan","14.8","9.3","3.8","4.0"
"Yang_WaterPump","2014.11.4","60.5","nan","18.5","11.3","5.4","15.0"
